Date,Close,High,Low,Open,Volume
2007-01-03,11.604402542114258,11.829496318607822,11.443585299063512,11.564942047329343,309415434
2007-01-04,11.993291854858398,12.01041553945619,11.623263474651603,11.639395087844283,316686586
2007-01-05,12.090824127197266,12.098517431562128,11.865481388749343,11.974430589841244,275914333
2007-01-08,12.00123405456543,12.157336109104872,11.966985735318469,12.10323305823709,190888826
2007-01-09,12.048884391784668,12.117132065010864,11.942168293223707,12.047642401964191,216062832
2007-01-10,12.147160530090332,12.248663496430057,11.963014406549446,12.022327731828364,239634856
2007-01-11,12.401787757873535,12.452167690721232,12.313934323095346,12.339247348185355,289408724
2007-01-12,12.532822608947754,12.532822608947754,12.408735773852165,12.458121729854929,179618741
2007-01-16,12.514954566955566,12.731362961168413,12.490633614442642,12.596107714785385,303890804
2007-01-17,12.341232299804688,12.601567398770387,12.269261516537432,12.492866220118657,268968395
2007-01-18,12.106708526611328,12.32137986035415,12.09678116049941,12.272736051483747,238169384
2007-01-19,12.154356956481934,12.179422913546995,12.079657021502618,12.110430239851048,199878396
2007-01-22,11.933234214782715,12.226327641191054,11.875160028450038,12.222605472983032,216982266
2007-01-23,11.888810157775879,12.030269650138202,11.84513146066688,11.931991868948014,187319498
2007-01-24,12.385655403137207,12.397319843574868,11.994036188123903,12.022824312202026,243280470
2007-01-25,12.113160133361816,12.520414935505936,12.052853786917176,12.433553575094175,255694828
2007-01-26,12.305495262145996,12.356619245424524,12.086853759978275,12.183641533079598,220684089
2007-01-29,12.221860885620117,12.377714925174638,12.172970959998572,12.359102182980443,191744020
2007-01-30,12.267772674560547,12.35910120357382,12.190838682557262,12.259830402291634,167846782
2007-01-31,12.445961952209473,12.5328233118036,12.29730518942956,12.321627092313463,490074058
2007-02-01,11.955818176269531,12.55788957855217,11.95035703232235,12.557641560704559,628695706
2007-02-02,11.949612617492676,12.036473976607205,11.85803606863626,11.977159702423656,252402534
2007-02-05,11.593730926513672,11.8627523652728,11.569657041286304,11.850342920764069,289356529
2007-02-06,11.70094108581543,11.746109791110174,11.59621198857269,11.61705879093644,213673912
2007-02-07,11.664461135864258,11.772168352613177,11.633934984460646,11.759014854053571,165409681
2007-02-08,11.689774513244629,11.757278133048864,11.543847835946355,11.615818628022783,163679219
2007-02-09,11.462944030761719,11.730723507357009,11.453264682053435,11.705162462697267,195072449
2007-02-12,11.3735990524292,11.475350982683313,11.292445906165433,11.432913325524808,231042771
2007-02-13,11.39370059967041,11.485029127001084,11.348036811135016,11.394941639080807,163113105
2007-02-14,11.563204765319824,11.642620838904461,11.396679313713218,11.416037058858093,228806420
2007-02-15,11.452518463134766,11.568167947806286,11.433905721819754,11.564941815332478,162302076
2007-02-16,11.66272258758545,11.667934763309002,11.467160994229792,11.48552666792334,248006116
2007-02-20,11.716328620910645,11.732460233464346,11.532926554105174,11.626240178607322,163313855
2007-02-21,11.80964183807373,11.879626578906459,11.608124022933698,11.660241026938843,226469694
2007-02-22,11.809393882751465,12.017612948536064,11.77316142006332,11.879875615554381,230617182
2007-02-23,11.67959976196289,11.836693890542062,11.609614064933986,11.806912742870187,155886118
2007-02-26,11.538387298583984,11.79450229602819,11.509102189107411,11.734444920337719,159391206
2007-02-27,11.137337684631348,11.411074324282508,11.097629171062872,11.29195068409703,373908266
2007-02-28,11.154212951660156,11.258943000252353,10.99513278575559,11.178036918635213,322496281
2007-03-01,11.123936653137207,11.227921706196641,10.919688715502035,10.985951296695948,348710170
2007-03-02,10.88692855834961,11.13559923081972,10.88692855834961,11.04650475952595,264331078
2007-03-05,10.943264961242676,11.056184352210908,10.845235193577325,10.8457312292761,255156819
2007-03-06,11.35523509979248,11.391219544367942,11.102840349979706,11.105074411171131,302477526
2007-03-07,11.307832717895508,11.493963930142334,11.274329403774255,11.482795525261967,262343656
2007-03-08,11.285000801086426,11.552533178383515,11.26961419243533,11.396679148116514,215316044
2007-03-09,11.241320610046387,11.37632878188529,11.170342849151345,11.366401416963939,199854306
2007-03-12,11.285744667053223,11.298154111163612,11.195409159364267,11.231643519833925,139135567
2007-03-13,10.994885444641113,11.215761028088773,10.989922236664986,11.170592319544015,256048147
2007-03-14,11.118227005004883,11.134606634789312,10.894870317555169,10.999848378770887,321877972
2007-03-15,11.073307991027832,11.163396435841593,11.017468815527366,11.114752628723577,158359353
2007-03-16,10.94078254699707,11.085965159656293,10.916958580286467,11.059906181589808,227212468
2007-03-19,11.09911823272705,11.130637405844553,10.935322871061311,11.000345360124541,208687290
2007-03-20,11.050724029541016,11.108301230065484,11.009030424051561,11.063381492051718,137372985
2007-03-21,11.330416679382324,11.330912715066052,11.048986748101912,11.051219858938616,232801338
2007-03-22,11.46666431427002,11.469890446555748,11.230650168896917,11.307088123221416,228079706
2007-03-23,11.46145248413086,11.500167973245707,11.343569891936953,11.452022104817726,165068406
2007-03-26,11.54012393951416,11.54012393951416,11.307336861847412,11.429686629975626,189118214
2007-03-27,11.505876541137695,11.54583307092905,11.424474424235186,11.504139465974582,150208917
2007-03-28,11.462695121765137,11.55104459131572,11.4197595259781,11.462446153655533,184352418
2007-03-29,11.438868522644043,11.564941404041143,11.291949789829854,11.528956011903942,160137995
2007-03-30,11.370373725891113,11.500417753554046,11.320241810717782,11.468154526926458,135714793
2007-04-02,11.379554748535156,11.379554748535156,11.220475532816433,11.360445971377302,138457033
2007-04-03,11.728737831115723,11.769687384733594,11.515307537525551,11.516548577068514,261046814
2007-04-04,11.689525604248047,11.73866449549612,11.653788228794902,11.717321657464913,151718555
2007-04-05,11.70168685913086,11.716079495821749,11.65478107940691,11.696473733230542,109039179
2007-04-09,11.619789123535156,11.738664742781491,11.55476663618484,11.738167756827552,122943100
2007-04-10,11.577350616455078,11.683817742212813,11.544095318945102,11.591993172156622,119618686
2007-04-11,11.528460502624512,11.649322164250842,11.480810668044278,11.566430989425664,153051532
2007-04-12,11.599437713623047,11.61457630405025,11.471627757408205,11.515306453597166,108721995
2007-04-13,11.572138786315918,11.633685220097147,11.49942299756519,11.625743898038264,112211024
2007-04-16,11.770183563232422,11.837687182744672,11.618299706634858,11.625993011582578,203877329
2007-04-17,11.7337007522583,11.822796176197784,11.703919604994962,11.758518691731071,128885290
2007-04-18,11.813365936279297,11.909904747658453,11.652547739151935,11.69548238534192,227670177
2007-04-19,11.705161094665527,11.960781013987908,11.65403711080105,11.77588989100413,442034667
2007-04-20,11.973934173583984,12.222605805058288,11.962517750283977,12.173466911661695,488283372
2007-04-23,11.889554023742676,12.036473707273547,11.869203257669996,11.914867997286295,227834792
2007-04-24,11.851088523864746,11.911890908966575,11.801948679551458,11.87789155698473,148341946
2007-04-25,11.862503051757812,11.94638629493624,11.81584624050175,11.912385995403827,159266742
2007-04-26,11.941671371459961,12.022824519729738,11.840664442475665,11.865232462702206,165614446
2007-04-27,11.887816429138184,11.97194864291753,11.870941713177515,11.91412342523319,117466650
2007-04-30,11.698460578918457,11.945891173393223,11.698460578918457,11.891292085642393,146193924
2007-05-01,11.639394760131836,11.733948474924356,11.519526120542348,11.71856186597869,146876473
2007-05-02,11.55948257446289,11.69101470368869,11.558240584729708,11.630708357524151,122967190
2007-05-03,11.74437141418457,11.765219166184274,11.547320769514432,11.570400682024973,144306878
2007-05-04,11.692008018493652,11.784328624135286,11.56196399306301,11.667190079186142,158592223
2007-05-07,11.596460342407227,11.734196722339982,11.576606561096014,11.717322005998406,121256803
2007-05-08,11.585043907165527,11.618796190593295,11.53342483601826,11.568168240581622,116639561
2007-05-09,11.645598411560059,11.707145794454263,11.512328262856503,11.568664420507277,156179212
2007-05-10,11.452518463134766,11.651555157479796,11.441351008397746,11.590751825382872,148004686
2007-05-11,11.583307266235352,11.589760481848161,11.440855691197049,11.461453526806425,118205408
2007-05-14,11.460212707519531,11.602416255641524,11.41603702377649,11.552037275058984,155488633
2007-05-15,11.366402626037598,11.479074001223635,11.351760070055496,11.464679463095473,165377561
2007-05-16,11.728984832763672,11.742138330363481,11.391715736634742,11.46567161423193,263150670
2007-05-17,11.688036918640137,11.793759040791263,11.68431475037536,11.725263352587703,187122763
2007-05-18,11.672154426574707,11.731219735705329,11.658007906359323,11.714592086700911,148390126
2007-05-21,11.67910385131836,11.892533194645644,11.58281115606151,11.652547885723262,247295463
2007-05-22,11.80964183807373,11.887815918691604,11.738664075649512,11.738664075649512,154135581
2007-05-23,11.762737274169922,11.997014354239761,11.757277080683748,11.932735922637733,203166675
2007-05-24,11.7716703414917,11.892531996534764,11.701437583192348,11.792021107321828,167569747
2007-05-25,11.999743461608887,12.035232818633501,11.84463443629457,11.904940781244717,214741900
2007-05-29,12.088838577270508,12.205233069636265,12.01165751263149,12.036474501884426,209502334
2007-05-30,12.373991966247559,12.379947245150827,11.986838971160234,12.024065403430154,290918361
2007-05-31,12.356867790222168,12.626633287172607,12.335772969530755,12.42263433129303,358310019
2007-06-01,12.41866397857666,12.53331949215889,12.357363660106317,12.433553601576733,192679513
2007-06-04,12.584195137023926,12.66956743810979,12.348925986056749,12.356867308172204,285104652
2007-06-05,12.876296043395996,12.880267179448175,12.572779235640468,12.650706247627793,419450332
2007-06-06,12.861656188964844,12.924444619294292,12.787451334844585,12.824429752973076,316650452
2007-06-07,12.782486915588379,13.06639892341669,12.719202455528928,12.898880452457034,426813829
2007-06-08,12.793157577514648,12.896149592601837,12.643508753252906,12.810778246215106,255281284
2007-06-11,12.690166473388672,12.861656095568796,12.65691117423085,12.756678021964323,186604829
2007-06-12,12.527115821838379,12.698355508704026,12.487407310908734,12.62489661649101,257742474
2007-06-13,12.538779258728027,12.620677408868817,12.376224948145747,12.58469201642603,282414606
2007-06-14,12.479219436645508,12.554664380934783,12.450926394712,12.542255885550631,185540856
2007-06-15,12.554911613464355,12.63209362824831,12.439262125083724,12.61199087871303,247889682
2007-06-18,12.785962104797363,12.80581493523614,12.513961603211364,12.562108423039122,194161046
2007-06-19,12.763874053955078,12.8368369106363,12.695129401030046,12.756428767532512,174864989
2007-06-20,12.656166076660156,12.874063528762338,12.63358219922872,12.829640777682444,174178426
2007-06-21,12.7589111328125,12.788194342965355,12.564590578211714,12.681232134436812,177049146
2007-06-22,13.02867603302002,13.028924050851757,12.80829651023332,12.816238782408261,289228049
2007-06-25,13.089231491088867,13.277099787941612,12.988968611253409,13.127946032581,318188194
2007-06-26,13.159712791442871,13.232675650166792,13.059945950587387,13.221011209401558,228433026
2007-06-27,13.061186790466309,13.103376427574464,12.89416531705134,13.029171585641523,245842035
2007-06-28,13.029419898986816,13.140851173324894,12.999390736580983,13.026193766700882,167360967
2007-06-29,12.97209358215332,13.088735140044522,12.8916844858362,13.054486821242785,155805818
2007-07-02,13.162691116333008,13.199172546277659,13.009319159544525,13.04133341743922,140026895
2007-07-03,13.260968208312988,13.262457265691847,13.091217567643024,13.17956703844202,75152639
2007-07-05,13.441887855529785,13.510633466144483,13.206618679669596,13.291245985935674,198457088
2007-07-06,13.386544227600098,13.497477570005234,13.369916579618215,13.432456985623453,110291857
2007-07-09,13.464967727661133,13.618339682966592,13.407887513216968,13.475888114962064,149751208
2007-07-10,13.484325408935547,13.575156955714672,13.442383785892526,13.495493814029338,154818129
2007-07-11,13.512368202209473,13.562748132311613,13.401682877155865,13.4910263146986,132868163
2007-07-12,13.533712387084961,13.58309834676042,13.406894495675369,13.546865885263324,138179998
2007-07-13,13.703214645385742,13.715872107539877,13.58136186539424,13.597740545400894,210269197
2007-07-16,13.723814010620117,13.862543412689421,13.632485475960591,13.65705539753044,264969462
2007-07-17,13.773696899414062,13.841448533880214,13.708675361806467,13.774690871329847,173792986
2007-07-18,13.637201309204102,13.761288152730542,13.495989831293214,13.746149561621355,244111573
2007-07-19,13.614617347717285,13.736967115320237,13.457026240184522,13.73547805800292,446756299
2007-07-20,12.908063888549805,12.984004861247882,12.64450169442606,12.704063986942145,713556598
2007-07-23,12.719202995300293,12.905086197410816,12.710268651129695,12.88051627581169,255221059
2007-07-24,12.756180763244629,12.872574299137796,12.585188143441352,12.63953825925385,223719424
2007-07-25,12.650954246520996,12.831128271418452,12.546720240081282,12.830136200101803,222631361
2007-07-26,12.607275009155273,12.721188366441249,12.38093925238623,12.6256406824866,276368027
2007-07-27,12.703816413879395,12.821202977606447,12.54523227963302,12.620430151697331,221189978
2007-07-30,12.808545112609863,12.888705239693508,12.669319678741422,12.729378007158376,159126217
2007-07-31,12.656909942626953,12.916004959776487,12.656909942626953,12.910792784152662,171460275
2007-08-01,12.729874610900879,12.818473050161645,12.610750970383371,12.669320244095642,177791919
2007-08-02,12.681976318359375,12.7807491877848,12.63209337282559,12.749231916201017,126669014
2007-08-03,12.48318862915039,12.736327426341106,12.48318862915039,12.658152391228963,127524207
2007-08-06,12.656909942626953,12.660633060966815,12.470779682651486,12.483188176597867,146607469
2007-08-07,12.806312561035156,12.902108269274171,12.633086819124484,12.650707489870204,171211346
2007-08-08,13.048529624938965,13.048529624938965,12.832865294842163,12.888704465794511,163362034
2007-08-09,12.774297714233398,13.074340387503112,12.77181563528886,12.92493957060439,194586635
2007-08-10,12.799612045288086,12.873318959031769,12.548458338043126,12.66137867926759,235888868
2007-08-13,12.79340648651123,12.898880587716329,12.732107118787113,12.893669362246634,127648672
2007-08-14,12.622166633605957,12.840560136220793,12.607276059534492,12.798867479080682,145892800
2007-08-15,12.347932815551758,12.698852395067117,12.327086013772636,12.632092835754948,217191045
2007-08-16,12.198284149169922,12.32013692858678,11.923802522404316,12.21069264316611,347120233
2007-08-17,12.40972900390625,12.433553921735754,12.201509941008775,12.345203501537995,219997525
2007-08-20,12.357115745544434,12.472269196297699,12.309465910714124,12.469787117313638,108296406
2007-08-21,12.572779655456543,12.611246176815687,12.35339314888081,12.38242929084351,144965337
2007-08-22,12.72515869140625,12.812020050448734,12.638297332363766,12.655918002116138,130595677
2007-08-23,12.711261749267578,12.809042549771883,12.58245876182984,12.805815466918672,123529289
2007-08-24,12.780999183654785,12.794647767322376,12.619684004734896,12.721684907810792,99278731
2007-08-27,12.737815856933594,12.841801855384448,12.691656028544879,12.766852950890978,93352602
2007-08-28,12.567567825317383,12.7805011226641,12.552429234195365,12.69488080144911,131446855
2007-08-29,12.728384971618652,12.73880837283516,12.588166516271261,12.603305107280487,102354216
2007-08-30,12.691656112670898,12.790925021279884,12.67130534498057,12.715480080581068,106465569
2007-08-31,12.787202835083008,12.818225022283716,12.693393170179075,12.733845737388966,119550431
2007-09-04,13.032896041870117,13.103625790769849,12.771567902687124,12.781495268427069,148301796
2007-09-05,13.098663330078125,13.14035598793983,12.960925992663178,12.98946515149077,133012703
2007-09-06,12.992443084716797,13.149041169132568,12.861406992295832,13.137376728547578,145579631
2007-09-07,12.88895320892334,12.93585898940193,12.82566969852541,12.851976694468954,147093283
2007-09-10,12.768092155456543,12.956457425308937,12.678749669361187,12.936850712669944,129515644
2007-09-11,12.938093185424805,12.946034507755135,12.799114818214344,12.830385022106194,108549350
2007-09-12,12.970850944519043,13.103129023254665,12.880267419458534,12.918237904581721,119887690
2007-09-13,13.023713111877441,13.084019456710829,12.984997622518259,13.005844424480896,75927532
2007-09-14,13.122238159179688,13.159960627502395,12.960180831226586,12.984500833538675,111010541
2007-09-17,13.03661823272705,13.135391103302064,13.006093032170195,13.067143433283906,88229471
2007-09-18,13.28404712677002,13.333186016588861,13.01105551171622,13.066894684107682,169260059
2007-09-19,13.57143497467041,13.63595952611567,13.373143279659457,13.383318663254578,221904647
2007-09-20,13.719842910766602,13.818367757554423,13.551084354886672,13.575156338633407,221828362
2007-09-21,13.90026569366455,13.917390328201938,13.719843638225031,13.806952067211947,321669193
2007-09-24,14.096820831298828,14.182193132747777,13.89778413981065,13.92260112787446,212674178
2007-09-25,14.12114143371582,14.135039935892697,13.968763448068966,13.997054587601987,109633398
2007-09-26,14.100295066833496,14.190382558548954,13.992338887479278,14.155886222734111,134345680
2007-09-27,14.083915710449219,14.189142752444067,14.04123003088622,14.18889378432195,82560301
2007-09-28,14.078207015991211,14.134791192673385,14.000031983862897,14.071506733356172,105975740
2007-10-01,14.457417488098145,14.502089205764772,14.136279057083444,14.145214350876664,189158364
2007-10-02,14.503083229064941,14.81131620173414,14.394382041901629,14.478017271821855,283759629
2007-10-03,14.49389934539795,14.617242133172915,14.403067800376354,14.549242483326701,155761653
2007-10-04,14.370060920715332,14.520454761898268,14.32117099656851,14.520454761898268,119915795
2007-10-05,14.742818832397461,14.7912136692764,14.56810404468615,14.570586123580428,203507949
2007-10-08,15.129226684570312,15.145109328621558,14.740336619511323,14.766395596884621,201873847
2007-10-09,15.267212867736816,15.480643154690497,15.098702319229753,15.265475792534675,352026555
2007-10-10,15.520599365234375,15.527795683743385,15.307417100526912,15.420584506780234,216231462
2007-10-11,15.436467170715332,15.918174839511464,15.113840617786776,15.72534334139054,473729022
2007-10-12,15.818408966064453,15.843473972502354,15.3431535617425,15.485607029350861,273971076
2007-10-15,15.389562606811523,15.87970764209971,15.276396148715339,15.845212255456419,278793083
2007-10-16,15.28756332397461,15.533751917431548,15.188044501179828,15.349357777487729,241915372
2007-10-17,15.7213716506958,15.734276180212303,15.426292193544715,15.646174733594966,242124152
2007-10-18,15.873750686645508,15.91718136566354,15.597780954302133,15.769269609321148,493410518
2007-10-19,16.000070571899414,16.342055788881304,15.96334112811226,16.24452301822452,633927242
2007-10-22,16.14997100830078,16.25544606808121,15.790862049947492,15.850176329348862,267575192
2007-10-23,16.770904541015625,16.8163193657576,16.379532368087517,16.410554555242825,272766578
2007-10-24,16.772144317626953,16.813092917401413,16.368610747919757,16.694960407200874,297278110
2007-10-25,16.590726852416992,16.85031886004115,16.467632081629898,16.843121591332807,232688918
2007-10-26,16.741867065429688,16.790012933510923,16.5795588735111,16.727719596042064,134658850
2007-10-29,16.856773376464844,16.875883106205645,16.679576483166656,16.820539960501804,123111730
2007-10-30,17.242435455322266,17.369996443616735,16.814084900222554,16.814084900222554,277058606
2007-10-31,17.54595375061035,17.54595375061035,17.273953234715894,17.389354707096413,276103037
2007-11-01,17.451894760131836,17.71272591489305,17.416406351679203,17.44147230889453,262066622
2007-11-02,17.651426315307617,17.709251533617667,17.306215881670674,17.633061591567067,234535815
2007-11-05,18.00879669189453,18.122461075859377,17.522871805307144,17.54570274891859,356679932
2007-11-06,18.409351348876953,18.409351348876953,17.992668072617604,18.304374234264387,338716853
2007-11-07,18.18971824645996,18.54460802946782,17.946506813979905,18.392973148503742,332180444
2007-11-08,17.2193546295166,18.23811122073915,16.805896523848443,18.230915852372984,662963671
2007-11-09,16.478057861328125,16.92253818098095,16.409561219130833,16.771152258442026,457231416
2007-11-12,15.686379432678223,16.625968935753754,15.540949745996793,16.32344417097088,410625377
2007-11-13,16.393178939819336,16.402362250561534,15.686376648145645,16.00701806238255,339082217
2007-11-14,15.924875259399414,16.763953842495205,15.790613031463023,16.709106738864143,325001637
2007-11-15,15.626321792602539,16.069313979133003,15.48610333393837,15.847694352073423,279752666
2007-11-16,15.72509479522705,15.771254620472918,15.28805886084635,15.732788099434696,363067785
2007-11-19,15.532014846801758,15.803022329400518,15.349606750075235,15.624832436540345,221924722
2007-11-20,16.095125198364258,16.35719932744437,15.706236010297202,15.79582748127461,395099399
2007-11-21,16.392436981201172,16.626963044820194,15.934803177884515,15.976743852368065,281591533
2007-11-23,16.793983459472656,16.833194984770433,16.580802149243322,16.627705078325516,109958613
2007-11-26,16.528438568115234,17.208437023399277,16.503619677385448,16.880846290862145,272622038
2007-11-27,16.7163028717041,16.787281583374867,16.13780746141571,16.746829020172676,357515050
2007-11-28,17.18014144897461,17.230769393891325,16.68081410095636,16.92824466429027,317846919
2007-11-29,17.297779083251953,17.441471687670628,17.068711326060445,17.142668155564966,249250764
2007-11-30,17.198505401611328,17.646708749012618,16.928243906929296,17.645220642135623,317003771
2007-12-03,16.913850784301758,17.248142714055927,16.904171436973876,17.14911993105481,173652461
2007-12-04,16.9791202545166,17.173689768879157,16.804405470381983,16.83393954789152,169906473
2007-12-05,17.33525276184082,17.345677113905474,17.062013104468537,17.191807215663303,169015145
2007-12-06,17.750944137573242,17.783207361482013,17.29802556550851,17.317631327634032,197096005
2007-12-07,17.74126625061035,17.818946202269586,17.632814980542516,17.744244365362146,154661545
2007-12-10,17.829368591308594,17.987704708305365,17.719676282101005,17.76906319318558,154826159
2007-12-11,17.35237693786621,17.893150906947994,17.341954486026594,17.867092876828924,246484434
2007-12-12,17.356098175048828,17.72761559110273,17.086828725476238,17.719675219281932,247287433
2007-12-13,17.224565505981445,17.313165841708706,16.90591104127001,17.280653648326474,202387766
2007-12-14,17.123064041137695,17.364787383290537,17.056057406279983,17.06226260419275,147490767
2007-12-17,16.608596801757812,17.25856506614224,16.470611463178688,17.07441990298858,220262515
2007-12-18,16.710845947265625,16.794231258791392,16.19340089102488,16.730947746468086,287742502
2007-12-19,16.810611724853516,16.863472785569027,16.602888699970947,16.732188671378115,177506855
2007-12-20,17.116361618041992,17.14887381201349,16.891020774246304,17.020567812878053,177551020
2007-12-21,17.290084838867188,17.3538662886295,17.20446451427714,17.319618919001464,216086922
2007-12-24,17.39034652709961,17.39034652709961,17.199998052920243,17.24789495621379,65380146
2007-12-26,17.641252517700195,17.700316873928113,17.32780737916987,17.34716417395014,101579322
2007-12-27,17.390594482421875,17.769309166437402,17.390594482421875,17.54768955022489,118141168
2007-12-28,17.43501853942871,17.569529740291884,17.2863636690049,17.494580835052254,102892225
2007-12-31,17.160785675048828,17.434025312461245,17.138448865410528,17.336741503070847,95404263
2008-01-02,17.004682540893555,17.306960218464052,16.819545303025887,17.195281872727506,172921733
2008-01-03,17.00815773010254,17.045881150339024,16.789516214949845,17.006422555399737,130587647
2008-01-04,16.305078506469727,16.89970555036846,16.255444530458593,16.868187329424646,215195594
2008-01-07,16.112741470336914,16.436114907664557,15.817414953381661,16.229136902577256,257096061
2008-01-08,15.676701545715332,16.37853978508821,15.65982492908024,16.205809134243967,214364490
2008-01-09,16.210773468017578,16.214247618416625,15.449124909143688,15.636000181306018,270598482
2008-01-10,16.050203323364258,16.310042390850843,15.885911938721105,16.007517648585523,254317685
2008-01-11,15.839750289916992,16.11820399996377,15.637736436982896,15.950188545952834,199826201
2008-01-14,16.226160049438477,16.315007454650157,16.0134747669761,16.159649454713715,178566813
2008-01-15,15.824860572814941,16.107780519717828,15.768525361491252,16.029604533529692,223562839
2008-01-16,15.286320686340332,15.882933761094757,14.93838017398124,15.609445161468383,423983259
2008-01-17,14.910090446472168,15.529285556000213,14.841096820067126,15.405694742003384,329903943
2008-01-18,14.896688461303711,15.138410838065017,14.852016740688285,15.097958271662153,342864341
2008-01-22,14.502089500427246,14.828439163337416,13.927564256722054,13.948163040885742,381484558
2008-01-23,13.615361213684082,14.096323869772025,12.88026769604145,13.915403883340295,681171664
2008-01-24,14.257389068603516,14.386440066972433,13.75235443019926,13.868003912950334,377445475
2008-01-25,14.056615829467773,14.766395348866363,14.05115563614567,14.687227296995328,279684411
2008-01-28,13.798018455505371,14.201550137431123,13.614865355865735,14.170031915947012,233540097
2008-01-29,13.662515640258789,13.930792083349374,13.418063164753539,13.909449244532947,252262009
2008-01-30,13.606677055358887,13.908456827150884,13.488545482663463,13.629508952532623,318774383
2008-01-31,14.004498481750488,14.220410826860892,13.259726610499817,13.376864193876786,597081651
2008-02-01,12.803333282470703,13.318792257312474,12.656909636509088,13.12025160767267,706658840
2008-02-04,12.295321464538574,12.725904208480095,12.2238457610266,12.633830670046155,528256642
2008-02-05,12.577495574951172,12.632093711795335,12.12383196260831,12.146415841058573,449811709
2008-02-06,12.451172828674316,12.685946890943582,12.357363171108343,12.68520188718009,306600924
2008-02-07,12.53158187866211,12.76089574675562,12.278692062469624,12.330809066640853,318344779
2008-02-08,12.8229398727417,12.84874988328654,12.624648178385737,12.642267898407916,274179856
2008-02-11,12.933873176574707,12.997157638360044,12.741290644646815,12.917990531796711,233913491
2008-02-12,12.857684135437012,13.168150213817688,12.73210728373353,12.989216266214468,267490877
2008-02-13,13.267916679382324,13.277099040968727,12.87257434419032,12.967129007058306,265981240
2008-02-14,13.209099769592285,13.427245243622789,13.178077583425466,13.360486631701647,260039050
2008-02-15,13.144326210021973,13.219275112177764,13.012546061767068,13.111318930932036,210389647
2008-02-19,12.630851745605469,13.278835872221798,12.570049365877082,13.275857757693881,254968114
2008-02-20,12.63209342956543,12.681976375323275,12.37945161798972,12.495845158091358,267486862
2008-02-21,12.479714393615723,12.736575357268414,12.396328133519804,12.727640063041774,227963272
2008-02-22,12.602312088012695,12.632092281845692,12.347932274102737,12.459859582275092,221462998
2008-02-25,12.072212219238281,12.570050578307155,12.054839566063139,12.556400093520978,336167332
2008-02-26,11.52002239227295,11.57660657180923,11.089687667105848,11.445818492571389,934983461
2008-02-27,11.735190391540527,11.800459945360712,11.407102696500619,11.4192631728748,406393575
2008-02-28,11.797977447509766,11.889802011922562,11.598693692546766,11.676620705919657,264463573
2008-02-29,11.693495750427246,11.905933959168877,11.531438422490881,11.71062038457021,378429149
2008-03-03,11.342081069946289,11.731715197273758,11.170591462083726,11.701686983602169,303312645
2008-03-04,11.03384780883789,11.251248268877672,10.8149573412741,11.19143891073927,546910299
2008-03-05,11.110782623291016,11.271350901349258,11.018958052045633,11.049979288794766,298578968
2008-03-06,10.738520622253418,11.24976046238709,10.700798153975004,11.110534079603921,299923991
2008-03-07,10.754651069641113,10.91968745897456,10.578199208045898,10.643716777847962,324082204
2008-03-10,10.265003204345703,10.69633097400502,10.250609615980231,10.642476888480731,320701579
2008-03-11,10.915717124938965,10.923410429710671,10.538739489565453,10.553878081254938,354399416
2008-03-12,10.924154281616211,11.115249658891615,10.87179020656444,10.919936077657319,267073318
2008-03-13,10.99438762664795,11.092914376954942,10.641235878028684,10.737775634827596,310222448
2008-03-14,10.868066787719727,11.151482762979562,10.686899731504365,10.99364363785799,263961699
2008-03-17,10.420111656188965,10.763584986442298,10.227528190051105,10.621628515357466,316710676
2008-03-18,10.89884090423584,10.940534508856919,10.560578778022057,10.646199098096092,290573072
2008-03-19,10.721148490905762,11.105819429148813,10.712958200206717,10.9472362439743,248086416
2008-03-20,10.759614944458008,10.81297299180051,10.361295424832184,10.60500289671421,398022314
2008-03-24,11.42993450164795,11.559482487153964,10.863103505291173,10.880724175106385,271554050
2008-03-25,11.187220573425293,11.353249045103084,11.06859296956515,11.353001027250945,234138331
2008-03-26,11.37111759185791,11.487263115229194,11.15024201799126,11.232140172474828,209811488
2008-03-27,11.020943641662598,11.133367003361709,10.93185011355948,11.068593479788847,234162421
2008-03-28,10.872038841247559,11.256460794393028,10.778476248534027,11.104825916833779,175704123
2008-03-31,10.931351661682129,10.986446784416774,10.721396472861928,10.811483968689945,178522648
2008-04-01,11.557744026184082,11.577349788246678,11.09018290091896,11.111774706152884,244637537
2008-04-02,11.557497024536133,11.806664692354893,11.425716871842605,11.661731041099344,240859429
2008-04-03,11.294928550720215,11.497686467356584,11.121453844825071,11.458971926572305,272152284
2008-04-04,11.691263198852539,11.85853366074938,11.321730852096186,11.341832651551753,236772166
2008-04-07,11.833467483520508,12.047393805569545,11.751817347170135,11.838678709112257,238631108
2008-04-08,11.609861373901367,11.766955492888528,11.465919802449555,11.739657376202741,182561731
2008-04-09,11.52002239227295,11.713846916170695,11.354986944102054,11.64262113118157,242830791
2008-04-10,11.641379356384277,11.760006951430267,11.461948431423178,11.539131391222117,203656504
2008-04-11,11.352752685546875,11.596212133665526,11.292198320953515,11.517044077313098,167413162
2008-04-14,11.209060668945312,11.352753283500354,11.171586215868267,11.345556014314697,154280120
2008-04-15,11.089439392089844,11.409087829785348,11.012008411362155,11.369629236150564,183790319
2008-04-16,11.292694091796875,11.373351203587985,10.94450555329115,11.02888388293089,306372069
2008-04-17,11.156447410583496,11.40040290257646,11.081498505862612,11.307585309292188,536122013
2008-04-18,13.386792182922363,13.59252915498511,13.023464107394187,13.282559123660306,732158060
2008-04-21,13.346588134765625,13.465712721524659,13.160456918214582,13.386296647105285,298703433
2008-04-22,13.773696899414062,13.918383480577859,13.340880095947385,13.341128113796353,318730218
2008-04-23,13.5625,13.880660321686365,13.425011644844028,13.846660022087368,197597880
2008-04-24,13.476880073547363,13.76104010390019,13.401931171703465,13.681624980346859,166023975
2008-04-25,13.502193450927734,13.724061081741505,13.46918617343485,13.62528821735564,167200368
2008-04-28,13.702223777770996,13.818617324738787,13.376618137330732,13.547362755542336,160945009
2008-04-29,13.85981273651123,13.982163452766606,13.649857558047916,13.67020832453718,174491595
2008-04-30,14.252424240112305,14.51474632879999,13.859812020254271,13.952629603597535,317304895
2008-05-01,14.718746185302734,14.76465894418357,14.318936672237793,14.352191968822645,265101957
2008-05-02,14.426149368286133,14.951286784009506,14.3767624571439,14.853008997429198,281001329
2008-05-05,14.763914108276367,14.86566604244609,14.571082609356036,14.862191892094716,252181709
2008-05-06,14.551973342895508,14.691942826744171,14.468585184926713,14.667124888648937,185866070
2008-05-07,14.369317054748535,14.877826817434556,14.30553655635895,14.649009920144348,265511486
2008-05-08,14.468833923339844,14.62493692773147,14.367082937783746,14.54800293124663,205684075
2008-05-09,14.22537612915039,14.518222506370787,14.178223277413379,14.36931771375601,180068420
2008-05-12,14.516732215881348,14.561651955730156,14.118908723074243,14.263843326562222,195285244
2008-05-13,14.468585014343262,14.591431763407504,14.358147709310282,14.548746088709255,207314163
2008-05-14,14.302309036254883,14.671841367680315,14.276251008373563,14.55519981169066,175688063
2008-05-15,14.418951034545898,14.467344920446331,14.285183898757062,14.369316109216754,174359100
2008-05-16,14.39587116241455,14.510279611403677,14.352440480980635,14.429623446106376,171604815
2008-05-19,14.332587242126465,14.61451322995365,14.233317380879427,14.358149236148876,225020282
2008-05-20,14.35938835144043,14.455680084941017,14.218176883460053,14.26086350723714,133040807
2008-05-21,13.649362564086914,14.42912786064217,13.597245554687998,14.357405087036515,259693761
2008-05-22,13.63620662689209,13.754090167386684,13.407638714835679,13.698002977851381,203813089
2008-05-23,13.516091346740723,13.724061431879125,13.347084769118357,13.574164581255944,177924414
2008-05-27,13.920119285583496,13.962309876477,13.496981839771548,13.52452987531295,155199554
2008-05-28,14.102280616760254,14.182937731588682,13.92508374219426,14.09483533000286,162623276
2008-05-29,14.468585014343262,14.540059762965338,14.225374545332905,14.264834087671394,194526410
2008-05-30,14.53807544708252,14.640323417764236,14.42639709665131,14.480250228570217,129491554
2008-06-02,14.270045280456543,14.490672822445996,14.177476662789942,14.456176487642653,147518872
2008-06-03,14.078950881958008,14.406542529178465,13.912923372975666,14.307271728340208,172857493
2008-06-04,14.201054573059082,14.344499165605956,14.010704198363419,14.030061944117213,135032244
2008-06-05,14.550483703613281,14.593666365841148,14.300075006572177,14.321666812816078,157255230
2008-06-06,14.071507453918457,14.412002702274954,14.071507453918457,14.387929766707623,190089843
2008-06-09,13.844922065734863,14.145958705334177,13.535449018607746,14.097812836466906,212324874
2008-06-10,13.753098487854004,13.868499952801317,13.569697373443038,13.638689094260958,146844353
2008-06-11,13.530485153198242,13.831769817146073,13.512120429678802,13.80447074971016,153087667
2008-06-12,13.722821235656738,13.848149115060606,13.57217843217093,13.618836193898531,220487355
2008-06-13,14.183433532714844,14.287418577490056,13.931039741203346,13.934761909390506,248303226
2008-06-16,14.215696334838867,14.37179743114489,14.059098252598734,14.059098252598734,142243171
2008-06-17,14.132556915283203,14.346236156721552,14.105753884633522,14.303549531896538,139035192
2008-06-18,13.956849098205566,14.12089246406586,13.876936992244717,14.009710155704706,135754943
2008-06-19,13.90274715423584,13.991594554977,13.66971111631676,13.782383433434555,228176066
2008-06-20,13.56101131439209,13.822835484458215,13.513362430392128,13.822835484458215,240221045
2008-06-23,13.530734062194824,13.727784712923018,13.45156600676856,13.534456230347129,145981130
2008-06-24,13.458516120910645,13.679143684954783,13.279830182160318,13.528997854822494,187604562
2008-06-25,13.67442798614502,13.843186552474268,13.492514971227456,13.524778197296257,165506041
2008-06-26,13.12397575378418,13.523785280521398,13.110078201801512,13.503187445528145,227228528
2008-06-27,13.105361938476562,13.153260741803551,12.783231415574079,13.09568449108772,218716743
2008-06-30,13.064413070678711,13.351799232974274,12.981026811002563,13.21455984218433,151176531
2008-07-01,13.270647048950195,13.320033958417183,12.830632985973002,12.894662450815515,199139637
2008-07-02,13.079800605773926,13.410865465435757,13.055479653007275,13.31482174358383,169553154
2008-07-03,13.326983451843262,13.382326591604974,13.091217305262576,13.175099602243785,96379907
2008-07-07,13.4984712600708,13.624791208372478,13.292237305417558,13.458514732024966,170845981
2008-07-08,13.762033462524414,13.778413093479857,13.401435464174659,13.55009128176337,198035514
2008-07-09,13.439902305603027,13.790573896697653,13.419551537786898,13.66847119032085,166782808
2008-07-10,13.415580749511719,13.637201323281095,13.171129230392726,13.525522973940031,173917451
2008-07-11,13.247567176818848,13.389026682728469,12.89094029717807,13.314574761320252,200002860
2008-07-14,12.945290565490723,13.402924354086123,12.792166627476332,13.37661735764212,177655409
2008-07-15,12.808050155639648,13.091218137543162,12.436035713103118,12.81276534583464,243750224
2008-07-16,13.292238235473633,13.314574095857754,12.671801153534568,12.75717345869389,190398997
2008-07-17,13.238631248474121,13.328222701620344,13.01676361796497,13.256500885796749,352813493
2008-07-18,11.945145606994629,12.383421644191003,11.867466608474153,12.367787017453498,453389067
2008-07-21,11.634431838989258,12.013890597765567,11.557496891846364,11.934226504008281,236944811
2008-07-22,11.84066390991211,11.918590922215058,11.555013887324847,11.582809939282917,188363396
2008-07-23,12.141202926635742,12.339990648477276,11.865232243934454,11.952342570098395,196497772
2008-07-24,11.803685188293457,12.331056605628737,11.803685188293457,12.32683745184016,142166886
2008-07-25,12.209698677062988,12.238238781202435,11.949611607639321,12.073450420703072,127817302
2008-07-28,11.840912818908691,12.212430253376652,11.791525908338489,12.212430253376652,126873778
2008-07-29,11.989568710327148,12.092560727899059,11.862751776813042,11.895013100051615,112532223
2008-07-30,11.97939395904541,12.061788147603094,11.733948468541413,12.048883617627276,140151360
2008-07-31,11.757277488708496,11.934474362201101,11.699949256153822,11.77738023796166,115033564
2008-08-01,11.611102104187012,11.744124246257167,11.478081862636799,11.726503575610977,120766974
2008-08-04,11.490489959716797,11.738912614354374,11.463190892208484,11.617554917630388,99852875
2008-08-05,11.908663749694824,11.914371960929019,11.573130779168855,11.604401932039655,143917423
2008-08-06,12.069729804992676,12.154854092719194,11.726503507465138,11.871934143394247,135538133
2008-08-07,11.890547752380371,12.011657433899963,11.82329215351941,11.962021555199508,111367875
2008-08-08,12.284896850585938,12.303262524466772,11.8054232418662,11.916109519800672,150132633
2008-08-11,12.429582595825195,12.629115329344978,12.204735887497538,12.22186052205637,170207597
2008-08-12,12.473508834838867,12.560867178957999,12.3591013422785,12.458370244154963,110641162
2008-08-13,12.409481048583984,12.496589479447085,12.256853143099644,12.448444558103988,145563571
2008-08-14,12.544984817504883,12.597597863313515,12.316663945098366,12.35165726985685,117181585
2008-08-15,12.66063404083252,12.673291503855776,12.545232567523934,12.582210984647585,142359606
2008-08-18,12.366546630859375,12.65690995063603,12.297304991981354,12.652939764716226,133855851
2008-08-19,12.172969818115234,12.36604932394636,12.076926100861794,12.17123179277803,122316761
2008-08-20,12.036473274230957,12.326589512556904,11.976166932206079,12.277698642330472,159881036
2008-08-21,12.074444770812988,12.15807999962081,11.894269783102814,11.984853312650785,141090868
2008-08-22,12.175203323364258,12.2816704447913,12.147656238545903,12.197787200620908,92232419
2008-08-25,11.987086296081543,12.334282742086037,11.949611848139366,12.064021235078767,80874004
2008-08-26,11.767452239990234,11.99825421515034,11.67885285774445,11.99825421515034,132823998
2008-08-27,11.628971099853516,11.784080125856896,11.536153512038274,11.756780108653652,176141757
2008-08-28,11.75802230834961,11.824283933661262,11.672401987629254,11.726007100858217,121642242
2008-08-29,11.497685432434082,11.689276827106063,11.473861467272782,11.65800662561578,154504960
2008-09-02,11.546329498291016,11.966489794051432,11.451278794702594,11.832226612871422,245376296
2008-09-03,11.525481224060059,11.770678693119088,11.405613536556013,11.632693349878236,173230887
2008-09-04,11.174314498901367,11.496445959751451,11.152971661112112,11.41603686589343,194666935
2008-09-05,11.025162696838379,11.228913628536626,10.921672739379696,11.055935914192103,182051827
2008-09-08,10.422098159790039,11.240826019524741,10.362535863124284,11.2179941225562,362068052
2008-09-09,10.390082359313965,10.73057950238232,10.299250812324313,10.502009677056344,290267933
2008-09-10,10.27840518951416,10.534521155812069,10.167222873084377,10.534272187701228,250005583
2008-09-11,10.764578819274902,10.79783411616479,10.085324461217859,10.134214384914506,259826256
2008-09-12,10.861615180969238,10.969073422076578,10.646694897714928,10.676724061048349,242023777
2008-09-15,10.767308235168457,10.968578046974347,10.51541142322762,10.522608692199636,263680649
2008-09-16,10.992403984069824,11.149994147331329,10.559587174748469,10.571250665627403,280676114
2008-09-17,10.28659439086914,10.898345140815987,10.260536362459948,10.881965510019938,366444394
2008-09-18,10.896856307983398,10.899338387029681,10.187572762449118,10.488856487540993,344863807
2008-09-19,11.146767616271973,11.467409075384076,11.001088966949244,11.440855011715325,401740198
2008-09-22,10.67498779296875,11.270358929055275,10.646695702607152,11.270358929055275,176952786
2008-09-23,10.653397560119629,10.939294694740104,10.56529515124379,10.752170438927374,208948265
2008-09-24,10.79832935333252,11.043773875823543,10.674242518912859,10.679949779695544,170316002
2008-09-25,10.909761428833008,11.167862481514685,10.819921953544336,10.8908997192753,201564693
2008-09-26,10.697322845458984,10.84920573724244,10.4489001989005,10.621877910368886,212493504
2008-09-29,9.45545768737793,10.510448702350903,9.448260418072486,10.411178840288247,432129680
2008-09-30,9.939894676208496,10.549411409672107,9.736390790973006,9.827223295679877,123914728
2008-10-01,10.217849731445312,10.348389791811407,10.003923410044044,10.203704161802008,250326782
2008-10-02,9.690974235534668,10.174667950925416,9.579544853802705,10.169952761075729,240293315
2008-10-03,9.602128028869629,10.237206659439126,9.506828366428147,9.861222085612656,320914374
2008-10-06,9.212493896484375,9.331121500526478,8.863808353380989,9.281238553590985,450506303
2008-10-07,8.587093353271484,9.306055275630595,8.57121070856684,9.265106674122128,443833384
2008-10-08,8.391034126281738,8.909223187307978,8.093225533494769,8.193736420568555,474829130
2008-10-09,8.16445255279541,8.650627432662834,7.98303651273222,8.550116530312202,324210683
2008-10-10,8.239399909973145,8.484844423679368,7.7008610533159505,7.771839286418468,425500926
2008-10-13,9.455952644348145,9.479033507064907,8.58064069270635,8.829808341146466,357555200
2008-10-14,9.001545906066895,9.79049356504808,8.859838384367768,9.76642062860413,312559174
2008-10-15,8.417342185974121,8.909473283109651,8.40890482751169,8.801517096282161,269863738
2008-10-16,8.761063575744629,8.847428895918945,7.679518157349076,8.258262063843635,652022815
2008-10-17,9.245500564575195,9.579544479927867,9.022390941193276,9.404829693162785,572104380
2008-10-20,9.413762092590332,9.454958706050936,8.924113168931832,9.424433510235307,271148536
2008-10-21,9.002538681030273,9.524449963576709,8.983924988765612,9.241778981501366,232146894
2008-10-22,8.826830863952637,9.174771402325417,8.537210630647827,8.859590126118626,263383540
2008-10-23,8.743693351745605,8.884655877592715,8.388058528613223,8.776700634528513,260127380
2008-10-24,8.420319557189941,8.697778345456758,8.059226493957754,8.102160186831572,295463334
2008-10-27,8.177108764648438,8.512393744834059,8.080569002459319,8.309137886325681,248957670
2008-10-28,9.151442527770996,9.165340078383947,8.152787822091184,8.41436395625363,325431241
2008-10-29,8.884654998779297,9.207282507216515,8.744932576115865,9.077983485993515,391726805
2008-10-30,8.926595687866211,9.232098529681164,8.893836429625845,9.144245105569125,320753774
2008-10-31,8.918407440185547,9.23110663816138,8.7920865314207,8.838991363604077,298044974
2008-11-03,8.599006652832031,9.008495558740705,8.473429788947227,8.87423331811805,239072757
2008-11-04,9.106523513793945,9.241033759430373,8.57443590981082,8.77148751380262,295097969
2008-11-05,8.493532180786133,9.154669871980143,8.47045226598454,8.987648373907541,278901487
2008-11-06,8.220043182373047,8.547632910252396,8.085780018738737,8.437195611689486,344277618
2008-11-07,8.218058586120605,8.466482210123017,8.073868032509548,8.267196531310523,187953866
2008-11-10,7.911314010620117,8.175868276786916,7.680263058949057,8.140130901186163,324415448
2008-11-11,7.729650020599365,7.849766685503383,7.45814743526673,7.660906311757189,407385278
2008-11-12,7.221884250640869,7.755211970442401,7.141476575899426,7.49611835677999,403550960
2008-11-13,7.7450361251831055,7.767869446077514,6.948891720478231,7.24099354787959,531372276
2008-11-14,7.693913459777832,8.065430428443028,7.508774782518815,7.5258989425333205,382110897
2008-11-17,7.448219299316406,7.6973874230138675,7.394366170222862,7.519693572878931,302883041
2008-11-18,7.3812127113342285,7.537811277703575,7.081666063019537,7.484205687582824,335095329
2008-11-19,6.953359127044678,7.44995690962732,6.913651563980605,7.330833745305118,314558640
2008-11-20,6.441622734069824,7.021855745607092,6.428718203728701,6.822074990831174,392642224
2008-11-21,6.512850284576416,6.685083487042925,6.137361216038884,6.514834902619331,411315956
2008-11-24,6.389009475708008,6.699476025779431,6.1797983480615715,6.682352816894042,403695499
2008-11-25,6.999767780303955,7.114176694815149,6.634206128431987,6.667957934159396,432462924
2008-11-26,7.248935699462891,7.332570450765836,6.854585434299283,6.9558408553185815,255217044
2008-11-28,7.270525932312012,7.357139746708102,7.1543804158188316,7.211461102727979,103004645
2008-12-01,6.601199150085449,7.132044754220133,6.600951132244224,7.1146730524751804,229304279
2008-12-02,6.827535152435303,6.893798204956891,6.51657255768776,6.694016975992077,234463545
2008-12-03,6.934745788574219,6.982643641472983,6.585068181044414,6.696995024663247,237077306
2008-12-04,6.8084259033203125,7.035504775195436,6.67019253687417,6.862775546730275,196196647
2008-12-05,7.047914028167725,7.054117800162272,6.5523088091372435,6.72603152966344,261825722
2008-12-08,7.4976067543029785,7.679518821419241,6.998527842356152,7.1968195405770405,326993073
2008-12-09,7.59340238571167,7.89195648551277,7.3710372787690055,7.387913895668688,276629001
2008-12-10,7.664132118225098,7.815021996511558,7.557168481649162,7.674555519709619,210265182
2008-12-11,7.450701713562012,7.764890909979088,7.390643859743288,7.5487305293328335,248094446
2008-12-12,7.836365699768066,7.8539863710538125,7.296337214697215,7.338775351421898,229741913
2008-12-15,7.710043907165527,7.9041164362578975,7.572058567993487,7.792933652620104,270526212
2008-12-16,8.072628021240234,8.177358078630077,7.72493500665459,7.805592602072704,283442445
2008-12-17,7.823459148406982,7.9944517612219235,7.7534744090806695,7.907838899460494,232456049
2008-12-18,7.70036506652832,7.950277259281761,7.671329398324818,7.859693728608106,191254191
2008-12-19,7.697635650634766,7.886744027850987,7.6685990331871015,7.717985466963264,225345496
2008-12-22,7.373518943786621,7.681006895342539,7.212701708389317,7.6576789648803505,157291365
2008-12-23,7.3961029052734375,7.527387014514928,7.362599116211928,7.4559132147769605,151674390
2008-12-24,7.518453121185303,7.602583907625562,7.405036749556116,7.4819712176604485,77148090
2008-12-26,7.454176425933838,7.575781667450185,7.403300458226095,7.546248538322093,78657728
2008-12-29,7.3812127113342285,7.479489547367277,7.2362785860581385,7.450701896801114,148631025
2008-12-30,7.522424221038818,7.614248317106817,7.413227947322281,7.465095512155657,154316255
2008-12-31,7.635095119476318,7.718233359101997,7.510014783022678,7.549474800962741,115904817
2009-01-02,7.974350452423096,7.986758946640426,7.5817382073384865,7.6586717267198745,144961322
2009-01-05,8.14137077331543,8.220539777092162,7.817503666349123,7.96640844378854,196293007
2009-01-06,8.29052448272705,8.457793982433914,8.100174120197407,8.26372145185796,257971329
2009-01-07,7.991474628448486,8.212349260051447,7.910569967822076,8.14807272390276,180453860
2009-01-08,8.070392608642578,8.070392608642578,7.875575558270004,7.898904912999411,144567852
2009-01-09,7.819240570068359,8.127722505965123,7.777795457668761,8.127722505965123,174270770
2009-01-12,7.760174751281738,7.915532749071215,7.699124351098346,7.850014226644223,132667413
2009-01-13,7.800627708435059,7.956481740242066,7.70309492963468,7.737342772678728,177964564
2009-01-14,7.469315052032471,7.787722932662038,7.389402465650983,7.693416758681685,219535801
2009-01-15,7.420175552368164,7.534088438059132,7.117402304221671,7.384935162414841,238269759
2009-01-16,7.437052249908447,7.649986024925776,7.338526922387481,7.569824946116082,209759293
2009-01-20,7.017140865325928,7.432833028002464,7.017140865325928,7.423898208880857,202684876
2009-01-21,7.521679401397705,7.532101851691327,7.156117753934157,7.156117753934157,197718329
2009-01-22,7.606554985046387,7.6772852100376205,7.324877025118244,7.396599321514991,331919470
2009-01-23,8.058233261108398,8.238408257624416,7.549971498893406,7.675300339307216,430921167
2009-01-26,8.037633895874023,8.140129869634743,7.955488211152649,8.061954845544728,185119281
2009-01-27,8.226495742797852,8.285810020993749,8.047561787042595,8.101663889203879,197830749
2009-01-28,8.653107643127441,8.74394013758015,8.346363742708617,8.387808378622083,308809170
2009-01-29,8.52033519744873,8.563268894278192,8.440671101036498,8.550612381406152,292444059
2009-01-30,8.401459693908691,8.656334632380027,8.338671263839293,8.554334673315038,187580472
2009-02-02,8.452086448669434,8.562026764783752,8.239400233946318,8.296232426226444,209056670
2009-02-03,8.449109077453613,8.512393539844565,8.284816732878088,8.501721170261659,263243015
2009-02-04,8.512393951416016,8.796305983431154,8.41734229404946,8.439678155430896,273718132
2009-02-05,8.778434753417969,8.819632318143196,8.36348764367329,8.460523426344245,291665150
2009-02-06,9.214232444763184,9.277020875931887,8.82112222569564,8.846437152768427,282579221
2009-02-09,9.400114059448242,9.455457199495882,9.115457036727586,9.214231808229165,199838246
2009-02-10,8.89731216430664,9.368595473503794,8.881925555637817,9.330873005351231,285213056
2009-02-11,8.885647773742676,9.058377471128713,8.76056695993008,8.908231651193296,210048373
2009-02-12,9.009984016418457,9.024129586387025,8.722844910424083,8.764538517030351,222844155
2009-02-13,8.876712799072266,9.008493886272646,8.815909471635496,8.98863915674644,166489714
2009-02-17,8.503954887390137,8.613896158987627,8.430247026507038,8.599501621733454,228067661
2009-02-18,8.763296127319336,8.769997359621424,8.450844044285775,8.61761844501545,241883252
2009-02-19,8.503458023071289,8.929325564235633,8.47293282325421,8.871501297072882,200295955
2009-02-20,8.598013877868652,8.659312297057692,8.313853841224953,8.389546798276172,249616129
2009-02-23,8.191255569458008,8.681152616769223,8.178598106079443,8.611662952768897,209626799
2009-02-24,8.573195457458496,8.676684462769762,8.211852476423047,8.215079559063463,244749957
2009-02-25,8.478641510009766,8.743196740876023,8.411138841648377,8.491298022762528,258529413
2009-02-26,8.36795425415039,8.747909963803133,8.367458218495388,8.585851694378338,225064447
2009-02-27,8.38805866241455,8.532744309439428,8.217314033665355,8.262978781022033,217612620
2009-03-02,8.119283676147461,8.455312676025615,8.090495552943018,8.272407603694605,232407869
2009-03-03,8.077590942382812,8.281342837980784,7.9999128900186784,8.19150335830509,261970262
2009-03-04,7.914788246154785,8.164948927793517,7.826933863523703,8.020014330827758,313908211
2009-03-05,7.585212230682373,7.918759163469858,7.510759841234806,7.854233664255974,262175027
2009-03-06,7.6579270362854,7.6981315829809445,7.302541231620358,7.624423722502403,290452622
2009-03-09,7.219154357910156,7.608292436861746,7.183416983767073,7.444745106798523,259822241
2009-03-10,7.648000240325928,7.705825460909034,7.302541775263099,7.401812109944705,270217058
2009-03-11,7.8897223472595215,7.941591336440367,7.5869495713217,7.695897824996276,237832124
2009-03-12,8.029195785522461,8.065677210922669,7.783999289535356,7.880539512280166,201717262
2009-03-13,8.05128288269043,8.126728764391803,7.917518127900881,8.092977434632129,156841686
2009-03-16,7.933898448944092,8.183066123868326,7.9065993796285685,8.090248527987544,198613673
2009-03-17,8.322291374206543,8.322291374206543,7.919007690865011,7.946058266562163,189206544
2009-03-18,8.26669979095459,8.437940431454328,8.141370958992647,8.309137449186803,201239478
2009-03-19,8.188276290893555,8.338670120801913,8.124743815946232,8.23145895054582,165064391
2009-03-20,8.193737030029297,8.263969792057903,8.098933396689027,8.197210230116086,190226352
2009-03-23,8.65137004852295,8.672464867099526,8.264962081629474,8.278115578576948,171500425
2009-03-24,8.615882873535156,8.781415313556204,8.537210848704978,8.599254273915596,153372732
2009-03-25,8.538948059082031,8.719371076050015,8.344875507356937,8.696043143109868,174102141
2009-03-26,8.7677640914917,8.91344273722673,8.648888476868724,8.7637939055743,241032074
2009-03-27,8.629034996032715,8.735751088510558,8.573691856766189,8.68611521048089,133410187
2009-03-30,8.50469970703125,8.53249480906245,8.33991133699233,8.501224606582428,124227898
2009-03-31,8.637969017028809,8.773224261412903,8.591312205675209,8.659559872458964,146760038
2009-04-01,8.787617683410645,8.816157789032015,8.453078688138499,8.531749754406318,132542948
2009-04-02,8.996333122253418,9.176509056883438,8.942231973633954,9.016435871081773,180192885
2009-04-03,9.17700481414795,9.22515068232269,8.884654504639332,9.045968725016067,152160204
2009-04-06,9.138787269592285,9.177997848024425,8.969034723486557,9.108012149191362,131703815
2009-04-07,8.900786399841309,9.027355321201592,8.817896176247633,8.998815214408982,147755757
2009-04-08,8.983924865722656,9.058377733241663,8.840232256800908,9.02115129948216,111022586
2009-04-09,9.24450969696045,9.290421510414731,9.089399702169409,9.170056823439946,135811153
2009-04-13,9.383733749389648,9.40830366912709,9.18990923945594,9.215471230519414,122461301
2009-04-14,9.155413627624512,9.355939386137837,9.073268404876721,9.354698346622438,137658049
2009-04-15,9.418230056762695,9.456945545123368,9.037529338315892,9.110493143303314,197967259
2009-04-16,9.647543907165527,9.750783942286823,9.455952508826401,9.467865917024882,408931050
2009-04-17,9.734405517578125,9.922520870173981,9.550011382795613,9.580040546258205,430840867
2009-04-20,9.413267135620117,9.694945080734023,9.328638887932852,9.583265783989814,177820024
2009-04-21,9.467121124267578,9.537354841102214,9.333851910122355,9.335588985408158,148370051
2009-04-22,9.526434898376465,9.678813833107395,9.4060702214553,9.474069873417575,140597024
2009-04-23,9.547033309936523,9.672609207526872,9.458186858605035,9.617019002462623,104751167
2009-04-24,9.666156768798828,9.757733315220388,9.443048098002116,9.580784469254784,135923572
2009-04-27,9.578303337097168,9.666157724179502,9.498888209007816,9.538347755194462,91967429
2009-04-28,9.522711753845215,9.655237857279946,9.468858621947485,9.523705725753123,118185333
2009-04-29,9.715295791625977,9.802156199362134,9.575324407172703,9.578799507669284,144941247
2009-04-30,9.826974868774414,10.020054393533629,9.797938724755916,9.821762692771618,174881049
2009-05-01,9.770390510559082,9.867178279624087,9.717280486278806,9.803644854801133,97471985
2009-05-04,9.976127624511719,9.986550074951207,9.797689723469928,9.881572014466007,128600225
2009-05-05,10.00119400024414,10.051076949583543,9.858741471335684,9.926493110037264,96391952
2009-05-06,10.013104438781738,10.132477028299988,9.95180507796911,10.09549861745695,105710750
2009-05-07,9.84285831451416,10.050828410029194,9.7408583598294,10.028741517597386,120441759
2009-05-08,10.10890007019043,10.178389726546468,9.802901175375302,9.99771776033266,155183494
2009-05-11,10.125032424926758,10.224797359932548,9.956768956055276,9.99647746605258,102755715
2009-05-12,9.902419090270996,10.199732610882725,9.805631317068874,10.175411658663517,152200354
2009-05-13,9.667398452758789,9.837398059420424,9.637865323403307,9.780317844029804,114138220
2009-05-14,9.61677074432373,9.733661274914692,9.547034014747206,9.649033971360975,117920344
2009-05-15,9.678813934326172,9.780813888466252,9.656230056051797,9.706113002535641,120799094
2009-05-18,9.848566055297852,9.860230495845062,9.564654047508686,9.796201032015192,134570520
2009-05-19,9.89919376373291,9.96768945411449,9.753267088278248,9.830202037636242,113925426
2009-05-20,9.857003211975098,10.067703390004215,9.80290111465851,9.978856939854762,91702440
2009-05-21,9.840127944946289,9.997470085536222,9.774113386811859,9.835164737271953,109199779
2009-05-22,9.76567554473877,9.893486463229026,9.728449109754228,9.84409860093288,69001669
2009-05-26,10.035192489624023,10.051076084443238,9.678813655293512,9.727208493280527,124645457
2009-05-27,10.064974784851074,10.221324870898746,10.04636109111299,10.06696082834263,121826932
2009-05-28,10.185091018676758,10.215368200069358,10.041397465720816,10.142404393062012,107152133
2009-05-29,10.354594230651855,10.354594230651855,10.192536895463688,10.22752926857832,106325044
2009-06-01,10.586141586303711,10.661586528880715,10.386857810041827,10.39182101803084,133394127
2009-06-02,10.631803512573242,10.670519949021633,10.507716682828162,10.578446422850416,105337356
2009-06-03,10.712461471557617,10.732563269705926,10.522608093763878,10.572243019672955,141841672
2009-06-04,10.926636695861816,10.950462564549847,10.783192099839628,10.803045881776335,146069460
2009-06-05,11.026898384094238,11.10184728178436,10.90628569786571,11.045512074731652,147783862
2009-06-08,10.889162063598633,10.94251915640961,10.773760602064339,10.90727876839723,124412588
2009-06-09,10.810986518859863,10.932097146694831,10.71519176576912,10.884447312860727,130684007
2009-06-10,10.736038208007812,10.867322314229915,10.5888705076204,10.826124746689215,134859599
2009-06-11,10.646696090698242,10.764083610731399,10.63106146269007,10.715440750881504,115037579
2009-06-12,10.543456077575684,10.6144338490327,10.453367626914831,10.59358704477763,117173555
2009-06-15,10.343177795410156,10.460564359559118,10.274434088780533,10.460564359559118,150036273
2009-06-16,10.324069023132324,10.45038993157,10.30967448512435,10.40621519639858,122445241
2009-06-17,10.303221702575684,10.416390057102086,10.213878264791683,10.328783694453898,140127270
2009-06-18,10.275923728942871,10.39082822057126,10.249616730487373,10.316128280223525,123870563
2009-06-19,10.425572395324707,10.43475475775886,10.28882807999826,10.378915579309549,171002566
2009-06-22,10.109396934509277,10.361046661069132,9.973893674173922,10.347644195475638,165594371
2009-06-23,10.067951202392578,10.150097368289808,9.990272208208127,10.092025086283567,116418737
2009-06-24,10.157544136047363,10.230507951331848,10.089792496984638,10.1438946010885,98680498
2009-06-25,10.318360328674316,10.321586461117565,10.088550418823715,10.100710895075926,122236461
2009-06-26,10.555367469787598,10.627586273524154,10.252345735397355,10.266491304581455,130756276
2009-06-29,10.526082992553711,10.616914542825393,10.478929191917828,10.572243771512424,87097243
2009-06-30,10.462797164916992,10.602270604769366,10.379162894621933,10.522607470405351,104144903
2009-07-01,10.398271560668945,10.582168696515025,10.377424760204962,10.527570566901634,92778458
2009-07-02,10.137689590454102,10.30942627030131,10.095995984857916,10.30942627030131,101081463
2009-07-06,10.165484428405762,10.191046420411256,9.96818576104023,10.088302416707982,90843231
2009-07-07,9.843353271484375,10.155061313005215,9.827221660038695,10.131483465267808,130860666
2009-07-08,9.988784790039062,10.075893219055265,9.878843514965334,9.926989385547598,138163938
2009-07-09,10.184843063354492,10.285601973476496,10.070929705156713,10.078871027310095,131515110
2009-07-10,10.2843599319458,10.35806779254719,10.14290043989303,10.164740263529696,117502785
2009-07-13,10.53005313873291,10.535512381793996,10.303717387641735,10.328287307326235,162434571
2009-07-14,10.539732933044434,10.590359931286931,10.444929300958147,10.515411030159196,116266167
2009-07-15,10.874272346496582,10.886928858964083,10.634039025385086,10.663076119121058,151646285
2009-07-16,10.984212875366211,11.062386956284401,10.773263729946354,10.837293192255796,263162715
2009-07-17,10.677717208862305,10.807513222697995,10.589615753186571,10.7459667828114,275191634
2009-07-20,10.675732612609863,10.74224320792862,10.57844784839469,10.66853534365135,126612804
2009-07-21,10.619396209716797,10.718666064741504,10.565294110220533,10.694841147493984,119173022
2009-07-22,10.61418342590332,10.676475812264957,10.510199337266723,10.621877680207016,103855823
2009-07-23,10.85367202758789,10.949715738891067,10.559833633137886,10.63875271204013,139649486
2009-07-24,11.086461067199707,11.180022708588055,10.795599809559532,10.815701607891112,145619780
2009-07-27,11.038810729980469,11.087204614678777,10.860372831009807,11.069583945800565,100551484
2009-07-28,10.915964126586914,10.989423967250353,10.822898523908494,10.944505182331387,101679697
2009-07-29,10.826374053955078,10.865089543859748,10.718417874543173,10.85094302434154,79777911
2009-07-30,11.059657096862793,11.20434270962121,10.984460185058486,10.984460185058486,128423566
2009-07-31,10.995381355285645,11.234869657917113,10.979993796622535,11.167366044951555,114844859
2009-08-03,11.222708702087402,11.264651275590959,11.109293276993458,11.13659234472671,104000363
2009-08-04,11.260431289672852,11.267132522883687,11.12889915732117,11.152228039244878,95950302
2009-08-05,11.196154594421387,11.33935116566864,11.115249462921431,11.316768238136383,94031136
2009-08-06,11.176795959472656,11.288970335709818,11.131380189658325,11.274576749507284,84752487
2009-08-07,11.344066619873047,11.40164287112772,11.291702544524163,11.308577260975401,102105287
2009-08-10,11.331907272338867,11.376578043719924,11.261921575101244,11.295424891202032,69941178
2009-08-11,11.265643119812012,11.347293253779348,11.226928580126204,11.258942837066751,68756755
2009-08-12,11.380796432495117,11.459467500654448,11.289963937934898,11.302125364335787,94007046
2009-08-13,11.472620010375977,11.533174373043481,11.388985734952394,11.46939387797286,80107140
2009-08-14,11.416037559509277,11.494956650608682,11.338854593388064,11.485030234887738,67255147
2009-08-17,11.041046142578125,11.217250002151253,10.99711847391883,11.205089525031108,105200846
2009-08-18,11.050724029541016,11.110782358790367,10.977265134501431,11.04625685752429,94396500
2009-08-19,11.018214225769043,11.043775269252809,10.883951041454951,10.919440401319191,90538092
2009-08-20,11.4262113571167,11.470138068720756,11.198386559230824,11.217496284717727,160555554
2009-08-21,11.54608154296875,11.567176364119117,11.481804057845407,11.553526829860642,142953825
2009-08-24,11.632694244384766,11.66644557900884,11.525732028702,11.598445923781515,98503838
2009-08-25,11.698211669921875,11.772167547859876,11.632445131879663,11.642620514985271,93990986
2009-08-26,11.61457633972168,11.738664128299089,11.582314065842295,11.732707899243215,79810030
2009-08-27,11.566431045532227,11.628971453722155,11.434153910569359,11.628971453722155,80255695
2009-08-28,11.533920288085938,11.723028661864047,11.499919988529737,11.645846651507599,71129616
2009-08-31,11.457481384277344,11.462196573948848,11.36640182272057,11.410825523235115,78609548
2009-09-01,11.310811042785645,11.585291726258905,11.277555745886131,11.40809580477791,104185053
2009-09-02,11.242563247680664,11.374591412158978,11.232139846503438,11.312299973197401,72462593
2009-09-03,11.354491233825684,11.372607940468903,11.291950823072108,11.312300640683677,66094814
2009-09-04,11.4483003616333,11.480562636919721,11.311307087373589,11.355730789396057,60192775
2009-09-08,11.38178825378418,11.58951126574866,11.312796534641755,11.522503689266587,106666319
2009-09-09,11.514562606811523,11.571642819359768,11.386255662366867,11.392708877446696,88145156
2009-09-10,11.687541007995605,11.687541007995605,11.465672409554115,11.581073880896366,101764012
2009-09-11,11.71732234954834,11.746110475832655,11.605395026804509,11.674139684991873,76401301
2009-09-14,11.791276931762695,11.832970534317758,11.665452070610396,11.676868492825195,79324216
2009-09-15,11.851336479187012,11.885336781249437,11.731467834607342,11.790285126291408,96283547
2009-09-16,12.118123054504395,12.144926085681618,11.874663613367828,11.907422873695545,103799614
2009-09-17,12.2032470703125,12.343465519854368,12.089831651360488,12.174706964635135,179996150
2009-09-18,12.196794509887695,12.333787784698469,12.191087248653869,12.328575608896347,131832295
2009-09-21,12.334283828735352,12.381437627792394,12.06675144448394,12.104473913573605,84973311
2009-09-22,12.385407447814941,12.458122287019469,12.354385262523701,12.431568223863849,122103967
2009-09-23,12.370516777038574,12.582457996229243,12.351904036167017,12.428093025029977,108573440
2009-09-24,12.328575134277344,12.443727630063245,12.23501254362641,12.420399699554514,101482963
2009-09-25,12.222108840942383,12.40699902344669,12.210197332175825,12.26702858014493,82291296
2009-09-28,12.372254371643066,12.445962234973953,12.242458364985952,12.280678770460407,73847766
2009-09-29,12.372254371643066,12.40253155419017,12.235262046379798,12.397072310773778,84282733
2009-09-30,12.305744171142578,12.412211299420136,12.092065861022297,12.408737148929394,126139035
2009-10-01,12.091072082519531,12.32113000953315,12.086108874949138,12.2350127041403,112949783
2009-10-02,12.026050567626953,12.203744436001989,11.976912623116815,12.005204714045076,104421937
2009-10-05,12.123831748962402,12.22086849436288,11.995276781427851,12.102240892561404,86105539
2009-10-06,12.377466201782227,12.39310082831335,12.202751412138243,12.202751412138243,109701653
2009-10-07,12.844035148620605,12.880020544002337,12.354386133676908,12.383919263758738,195698788
2009-10-08,12.76064682006836,12.985741534939853,12.739800968592125,12.894413956251887,172797268
2009-10-09,12.812020301818848,12.942560360783657,12.768589621445502,12.821947667429306,109934523
2009-10-12,13.005349159240723,13.048034837043444,12.888209662615187,12.989961599564422,133386097
2009-10-13,13.056720733642578,13.090224050701426,12.939334164745718,13.014035054138269,121951397
2009-10-14,13.285289764404297,13.291742029457044,13.153260647109919,13.21431199804422,130824531
2009-10-15,13.15102767944336,13.324501436036355,13.085509155775984,13.246326399972308,244930632
2009-10-16,13.64588737487793,13.767494046107537,13.513859202356048,13.583346964004416,355001664
2009-10-19,13.701478004455566,13.738952455906697,13.618091743443086,13.716368577897072,129198459
2009-10-20,13.692296028137207,13.722821227303466,13.418806474046812,13.690309984920274,162354271
2009-10-21,13.676909446716309,13.881653412334341,13.624792438096089,13.647376316788186,147374332
2009-10-22,13.751112937927246,13.773696815945772,13.59997504282632,13.649609970897586,93810311
2009-10-23,13.74118709564209,13.845421114121528,13.679391688387849,13.779902588220168,96066737
2009-10-26,13.754091262817383,13.938485408275465,13.671698022162648,13.792310718669727,119261352
2009-10-27,13.607172012329102,13.762777076040749,13.504675075644732,13.673682605424098,129142249
2009-10-28,13.408880233764648,13.649609580512312,13.358004267651186,13.59674852141596,103096990
2009-10-29,13.675666809082031,13.695024552878879,13.426251150935538,13.476135042772732,101282213
2009-10-30,13.305143356323242,13.653827935959404,13.258485593497747,13.649609732106402,139260032
2009-11-02,13.25228214263916,13.388033424645377,13.109581609806513,13.328967168270523,128564090
2009-11-03,13.334179878234863,13.339392054128512,13.111071192447818,13.153508852107697,95564863
2009-11-04,13.409624099731445,13.53793009350221,13.312588308868463,13.421288540145127,93657741
2009-11-05,13.616105079650879,13.643902082488234,13.467448320117512,13.488048054409463,74185025
2009-11-06,13.676909446716309,13.69378511370667,13.537931073815718,13.593026197214234,73341877
2009-11-09,13.960076332092285,13.961814357579357,13.754588314910034,13.784865498108,106393299
2009-11-10,14.065550804138184,14.115682720477984,13.947420183017064,13.965536889837487,89566463
2009-11-11,14.159857749938965,14.232820609551936,14.04321429112528,14.15787170663987,93135792
2009-11-12,14.092601776123047,14.21792965729636,14.034280523400048,14.135039434176235,75734813
2009-11-13,14.196834564208984,14.208250986745261,14.061827338021304,14.128337929511149,66921903
2009-11-16,14.301813125610352,14.319432845441137,14.214951764899949,14.270045935774137,88297726
2009-11-17,14.331842422485352,14.332090440332312,14.238280778064341,14.2668199351439,76955370
2009-11-18,14.310995101928711,14.363856160517033,14.197331662636902,14.310995101928711,62216331
2009-11-19,14.22016429901123,14.24523025637334,14.14595944858854,14.239521094502402,87045048
2009-11-20,14.144967079162598,14.185667662874655,14.131068577204376,14.133550656181189,80548789
2009-11-23,14.452454566955566,14.557928666096752,14.291389312592448,14.307023938955526,102281946
2009-11-24,14.470819473266602,14.500600619344683,14.308265159560328,14.456673904009477,64448667
2009-11-25,14.536585807800293,14.56934411776501,14.46089190420764,14.553213455749779,58667077
2009-11-27,14.388177871704102,14.45518545319117,14.170032392919484,14.195594385999001,55591593
2009-11-30,14.468585014343262,14.485213612329563,14.322410334999244,14.409768677846193,69262644
2009-12-01,14.639081954956055,14.672585269064625,14.468585369294379,14.595899293270836,93159882
2009-12-02,14.580513000488281,14.71700928905885,14.5484987429856,14.667125393315212,66777363
2009-12-03,14.536585807800293,14.678293317256633,14.5182210847307,14.618483008101954,57362205
2009-12-04,14.518468856811523,14.762176310893867,14.373783235238422,14.717256575328928,100920864
2009-12-07,14.549242973327637,14.609797338714765,14.418951880605986,14.498615023432851,65693315
2009-12-08,14.569096565246582,14.658688022921455,14.443769632159682,14.480995115162148,61188493
2009-12-09,14.617987632751465,14.625680937350847,14.48298039983984,14.58026516329968,71507025
2009-12-10,14.679534912109375,14.759199004630712,14.652483862155835,14.653228865955448,66982128
2009-12-11,14.654964447021484,14.760190528252043,14.585972726541936,14.758454403390589,69057879
2009-12-14,14.784512519836426,14.823724045131883,14.707081540600894,14.77508119014087,76822876
2009-12-15,14.720234870910645,14.800643013557348,14.666876826808927,14.724206007066744,91557900
2009-12-16,14.834891319274902,14.899665785862172,14.807096216983732,14.855738121123233,112797213
2009-12-17,14.740089416503906,14.831914936714607,14.735623194703775,14.802133789647348,105947635
2009-12-18,14.801636695861816,14.86392908640037,14.766396305595586,14.791958298265442,141789477
2009-12-21,14.8577241897583,14.886511363442056,14.78302330805058,14.831168226340917,103233500
2009-12-22,14.918278694152832,14.927709073579647,14.861943485170631,14.92373793738208,75513988
2009-12-23,15.180351257324219,15.209884386057572,14.961212762389694,14.977345325422808,83218760
2009-12-24,15.349109649658203,15.37492060991126,15.19499364322562,15.211373273660861,34476745
2009-12-28,15.458059310913086,15.5354893431947,15.349110106034138,15.428030145932278,68170566
2009-12-29,15.371942520141602,15.506949758180493,15.34439638350667,15.504468629342567,57205620
2009-12-30,15.454583168029785,15.454583168029785,15.33744558097906,15.349606056860976,58843737
2009-12-31,15.386336326599121,15.52084752252402,15.386336326599121,15.504715909674884,48974884
